﻿Designator,Footprint,Quantity,Value,LCSC Part #
,,1,,
"C10, C11, C12, C13, C14, C15, C16, C17",0603,8,100nF,
C18,0805,1,4.7uF,
C2,0805,1,10μF,
"C24, C42, C5, C6, C7, C8, C9",0603,7,0.1uF,
"C25, C27, C30, C31, C33",0805,5,1.2uF,
"C26, C28, C29, C3, C32",0805,5,1uF,
"C34, C35, C36, C37, C38, C39, C40, C41",0603,8,1uF,
C4,0603,1,470pF,
D1,0805,1,D_Zener_Small,
D10,0603,1,3v3,
D14,0603,1,BQ-Fault,
D15,0603,1,BQ_HB,
"D2, D3, D4, D5, D6, D7, D8, D9",LED_WS2812B-2020_PLCC4_2.0x2.0mm,8,WS2812B-2020,
"F10, F11, F7, F8, F9",ptc_fuse_FUSC1607X75N,5,10mA,
F12,ptc_fuse_FUSC1607X75N,1,40mA,
IC1,ISO1641BDR,1,ISO1641BDR,
J1,nanofit_02x04,1,ScrutineeringConn,
J10,PeripheralSOM,1,53307-2471,
J11,1053131107,1,Conn_01x07,
"J3, J4",nanofit_01x05,2,Conn_01x05,
J5,CONN_SFH11-xxxC-D05-ST-XX_SUL,1,Logic_Analyzer,
J8,1053131106,1,Conn_01x06,
J9,1053131103,1,Conn_01x03,
"R1, R37, R41, R42, R49",0603,5,8.2kΩ,
"R10, R11, R13, R14, R15, R9",0603,6,10kΩ,
"R12, R8",0603,2,1kΩ,
"R18, R19",0603,2,120,
R2,0603,1,510kΩ,
"R23, R24, R25, R26, R27, R28, R30",0603,7,0Ω,
R31,0603,1,4.3k,
"R34, R38, R43, R44, R50",0603,5,27kΩ,
"R35, R36, R39, R40, R45, R46, R47, R48, R51, R52",0603,10,2.7kΩ,
R5,0805,1,2kΩ,
"R53, R54, R55, R56, R57, R58, R59, R60",0603,8,100Ω,
SW1,SW_TL3365AF180QG,1,BOOT,
TP1,TestPoint_Pad_1.0x1.0mm,1,TP_Regout,
"TP11, TP12, TP13, TP14, TP15",TestPoint_Pad_1.0x1.0mm,5,TP_TempOut,
"TP16, TP17, TP18, TP19, TP20, TP21",TestPoint_Pad_1.5x1.5mm,6,TestPoint,
"TP2, TP5",TestPoint_Pad_1.0x1.0mm,2,TestPoint,
TP3,TestPoint_Pad_1.0x1.0mm,1,TP_bmsAlert,
TP4,TestPoint_Pad_1.0x1.0mm,1,bmsGND,
"U1, U3",EL3H7,2,EL3H7,
"U12, U13, U14, U4, U6",SOIC-8_3.9x4.9mm_P1.27mm,5,TLV9062xD,
U2,BQ7692003PW,1,BQ7692003PW,
